[
    {
        "creationDateTime": "2025-11-10T15:08:31.307Z",
        "documentStatusCode": "ORIGINAL",
        "documentActionCode": "ADD",
        "lastUpdateDateTime": "2025-11-10T15:08:31.307Z",
        "extensions": {},
        "entityId": "_entityId_",
        "externalEntityId": "_externalEntityId_",
        "senderSystem": "_senderSystem_",
        "receivingAdviceId": "_receivingAdviceId_",
        "receivingDateTime": "2025-11-10T15:08:31.307Z",
        "reportingCode": "FULL_DETAILS",
        "despatchAdviceDeliveryDateTime": "2025-11-10T15:08:31.307Z",
        "note": {
            "value": "_value_",
            "languageCode": "en"
        },
        "shipper": {
            "primaryId": "_primaryId_",
            "additionalPartyId": [
                {
                    "value": "_value_",
                    "typeCode": "FOR_INTERNAL_USE_1"
                }
            ],
            "address": {
                "city": "_city_",
                "countryCode": "AF",
                "currencyOfPartyCode": "AFN",
                "languageOfThePartyCode": "aa",
                "name": "_name_",
                "pOBoxNumber": "_pOBoxNumber_",
                "postalCode": "_postalCode_",
                "state": "_state_",
                "streetAddressOne": "_streetAddressOne_",
                "streetAddressTwo": "_streetAddressTwo_",
                "streetAddressThree": "_streetAddressThree_",
                "geographicalCoordinates": {
                    "latitude": "_latitude_",
                    "longitude": "_longitude_"
                },
                "addressDistrict": "_addressDistrict_",
                "addressRegion": "_addressRegion_"
            },
            "contact": [
                {
                    "contactTypeCode": "AA",
                    "personName": "_personName_",
                    "departmentName": "_departmentName_",
                    "jobTitle": "_jobTitle_",
                    "communicationChannel": [
                        {
                            "communicationChannelCode": "EMAIL",
                            "communicationValue": "_communicationValue_",
                            "communicationChannelName": "_communicationChannelName_"
                        }
                    ],
                    "companyName": "_companyName_",
                    "personFirstName": "_personFirstName_",
                    "personLastName": "_personLastName_"
                }
            ],
            "organisationName": "_organisationName_",
            "addressId": "_addressId_",
            "isResidentialAddress": true,
            "name": "_name_",
            "addressType": "_addressType_",
            "timeZoneCode": "Europe/Andorra",
            "isTemporaryAddress": true,
            "areGeographicalCoordinatesOverridden": true,
            "note": {
                "value": "_value_",
                "languageCode": "en"
            },
            "addressDistrict": "_addressDistrict_",
            "addressRegion": "_addressRegion_",
            "honorific": "_honorific_",
            "externalAddressId": "_externalAddressId_"
        },
        "receiver": {
            "primaryId": "_primaryId_",
            "additionalPartyId": [
                {
                    "value": "_value_",
                    "typeCode": "FOR_INTERNAL_USE_1"
                }
            ],
            "address": {
                "city": "_city_",
                "countryCode": "AF",
                "currencyOfPartyCode": "AFN",
                "languageOfThePartyCode": "aa",
                "name": "_name_",
                "pOBoxNumber": "_pOBoxNumber_",
                "postalCode": "_postalCode_",
                "state": "_state_",
                "streetAddressOne": "_streetAddressOne_",
                "streetAddressTwo": "_streetAddressTwo_",
                "streetAddressThree": "_streetAddressThree_",
                "geographicalCoordinates": {
                    "latitude": "_latitude_",
                    "longitude": "_longitude_"
                },
                "addressDistrict": "_addressDistrict_",
                "addressRegion": "_addressRegion_"
            },
            "contact": [
                {
                    "contactTypeCode": "AA",
                    "personName": "_personName_",
                    "departmentName": "_departmentName_",
                    "jobTitle": "_jobTitle_",
                    "communicationChannel": [
                        {
                            "communicationChannelCode": "EMAIL",
                            "communicationValue": "_communicationValue_",
                            "communicationChannelName": "_communicationChannelName_"
                        }
                    ],
                    "companyName": "_companyName_",
                    "personFirstName": "_personFirstName_",
                    "personLastName": "_personLastName_"
                }
            ],
            "organisationName": "_organisationName_",
            "addressId": "_addressId_",
            "isResidentialAddress": true,
            "name": "_name_",
            "addressType": "_addressType_",
            "timeZoneCode": "Europe/Andorra",
            "isTemporaryAddress": true,
            "areGeographicalCoordinatesOverridden": true,
            "note": {
                "value": "_value_",
                "languageCode": "en"
            },
            "addressDistrict": "_addressDistrict_",
            "addressRegion": "_addressRegion_",
            "honorific": "_honorific_",
            "externalAddressId": "_externalAddressId_"
        },
        "buyer": {
            "primaryId": "_primaryId_",
            "additionalPartyId": [
                {
                    "value": "_value_",
                    "typeCode": "FOR_INTERNAL_USE_1"
                }
            ],
            "address": {
                "city": "_city_",
                "countryCode": "AF",
                "currencyOfPartyCode": "AFN",
                "languageOfThePartyCode": "aa",
                "name": "_name_",
                "pOBoxNumber": "_pOBoxNumber_",
                "postalCode": "_postalCode_",
                "state": "_state_",
                "streetAddressOne": "_streetAddressOne_",
                "streetAddressTwo": "_streetAddressTwo_",
                "streetAddressThree": "_streetAddressThree_",
                "geographicalCoordinates": {
                    "latitude": "_latitude_",
                    "longitude": "_longitude_"
                },
                "addressDistrict": "_addressDistrict_",
                "addressRegion": "_addressRegion_"
            },
            "contact": [
                {
                    "contactTypeCode": "AA",
                    "personName": "_personName_",
                    "departmentName": "_departmentName_",
                    "jobTitle": "_jobTitle_",
                    "communicationChannel": [
                        {
                            "communicationChannelCode": "EMAIL",
                            "communicationValue": "_communicationValue_",
                            "communicationChannelName": "_communicationChannelName_"
                        }
                    ],
                    "companyName": "_companyName_",
                    "personFirstName": "_personFirstName_",
                    "personLastName": "_personLastName_"
                }
            ],
            "organisationName": "_organisationName_",
            "addressId": "_addressId_",
            "isResidentialAddress": true,
            "name": "_name_",
            "addressType": "_addressType_",
            "timeZoneCode": "Europe/Andorra",
            "isTemporaryAddress": true,
            "areGeographicalCoordinatesOverridden": true,
            "note": {
                "value": "_value_",
                "languageCode": "en"
            },
            "addressDistrict": "_addressDistrict_",
            "addressRegion": "_addressRegion_",
            "honorific": "_honorific_",
            "externalAddressId": "_externalAddressId_"
        },
        "supplier": {
            "primaryId": "_primaryId_",
            "additionalPartyId": [
                {
                    "value": "_value_",
                    "typeCode": "FOR_INTERNAL_USE_1"
                }
            ],
            "address": {
                "city": "_city_",
                "countryCode": "AF",
                "currencyOfPartyCode": "AFN",
                "languageOfThePartyCode": "aa",
                "name": "_name_",
                "pOBoxNumber": "_pOBoxNumber_",
                "postalCode": "_postalCode_",
                "state": "_state_",
                "streetAddressOne": "_streetAddressOne_",
                "streetAddressTwo": "_streetAddressTwo_",
                "streetAddressThree": "_streetAddressThree_",
                "geographicalCoordinates": {
                    "latitude": "_latitude_",
                    "longitude": "_longitude_"
                },
                "addressDistrict": "_addressDistrict_",
                "addressRegion": "_addressRegion_"
            },
            "contact": [
                {
                    "contactTypeCode": "AA",
                    "personName": "_personName_",
                    "departmentName": "_departmentName_",
                    "jobTitle": "_jobTitle_",
                    "communicationChannel": [
                        {
                            "communicationChannelCode": "EMAIL",
                            "communicationValue": "_communicationValue_",
                            "communicationChannelName": "_communicationChannelName_"
                        }
                    ],
                    "companyName": "_companyName_",
                    "personFirstName": "_personFirstName_",
                    "personLastName": "_personLastName_"
                }
            ],
            "organisationName": "_organisationName_",
            "addressId": "_addressId_",
            "isResidentialAddress": true,
            "name": "_name_",
            "addressType": "_addressType_",
            "timeZoneCode": "Europe/Andorra",
            "isTemporaryAddress": true,
            "areGeographicalCoordinatesOverridden": true,
            "note": {
                "value": "_value_",
                "languageCode": "en"
            },
            "addressDistrict": "_addressDistrict_",
            "addressRegion": "_addressRegion_",
            "honorific": "_honorific_",
            "externalAddressId": "_externalAddressId_"
        },
        "shipTo": {
            "primaryId": "_primaryId_",
            "additionalPartyId": [
                {
                    "value": "_value_",
                    "typeCode": "FOR_INTERNAL_USE_1"
                }
            ],
            "address": {
                "city": "_city_",
                "countryCode": "AF",
                "currencyOfPartyCode": "AFN",
                "languageOfThePartyCode": "aa",
                "name": "_name_",
                "pOBoxNumber": "_pOBoxNumber_",
                "postalCode": "_postalCode_",
                "state": "_state_",
                "streetAddressOne": "_streetAddressOne_",
                "streetAddressTwo": "_streetAddressTwo_",
                "streetAddressThree": "_streetAddressThree_",
                "geographicalCoordinates": {
                    "latitude": "_latitude_",
                    "longitude": "_longitude_"
                },
                "addressDistrict": "_addressDistrict_",
                "addressRegion": "_addressRegion_"
            },
            "contact": [
                {
                    "contactTypeCode": "AA",
                    "personName": "_personName_",
                    "departmentName": "_departmentName_",
                    "jobTitle": "_jobTitle_",
                    "communicationChannel": [
                        {
                            "communicationChannelCode": "EMAIL",
                            "communicationValue": "_communicationValue_",
                            "communicationChannelName": "_communicationChannelName_"
                        }
                    ],
                    "companyName": "_companyName_",
                    "personFirstName": "_personFirstName_",
                    "personLastName": "_personLastName_"
                }
            ],
            "organisationName": "_organisationName_",
            "name": "_name_",
            "addressId": "_addressId_",
            "addressType": "_addressType_",
            "timeZoneCode": "Europe/Andorra",
            "isTemporaryAddress": true,
            "areGeographicalCoordinatesOverridden": true,
            "isResidentialAddress": true,
            "note": {
                "value": "_value_",
                "languageCode": "en"
            },
            "addressDistrict": "_addressDistrict_",
            "addressRegion": "_addressRegion_",
            "honorific": "_honorific_",
            "externalAddressId": "_externalAddressId_",
            "ownerOfLocation": "_ownerOfLocation_"
        },
        "shipFrom": {
            "primaryId": "_primaryId_",
            "additionalPartyId": [
                {
                    "value": "_value_",
                    "typeCode": "FOR_INTERNAL_USE_1"
                }
            ],
            "address": {
                "city": "_city_",
                "countryCode": "AF",
                "currencyOfPartyCode": "AFN",
                "languageOfThePartyCode": "aa",
                "name": "_name_",
                "pOBoxNumber": "_pOBoxNumber_",
                "postalCode": "_postalCode_",
                "state": "_state_",
                "streetAddressOne": "_streetAddressOne_",
                "streetAddressTwo": "_streetAddressTwo_",
                "streetAddressThree": "_streetAddressThree_",
                "geographicalCoordinates": {
                    "latitude": "_latitude_",
                    "longitude": "_longitude_"
                },
                "addressDistrict": "_addressDistrict_",
                "addressRegion": "_addressRegion_"
            },
            "contact": [
                {
                    "contactTypeCode": "AA",
                    "personName": "_personName_",
                    "departmentName": "_departmentName_",
                    "jobTitle": "_jobTitle_",
                    "communicationChannel": [
                        {
                            "communicationChannelCode": "EMAIL",
                            "communicationValue": "_communicationValue_",
                            "communicationChannelName": "_communicationChannelName_"
                        }
                    ],
                    "companyName": "_companyName_",
                    "personFirstName": "_personFirstName_",
                    "personLastName": "_personLastName_"
                }
            ],
            "organisationName": "_organisationName_",
            "name": "_name_",
            "addressId": "_addressId_",
            "addressType": "_addressType_",
            "timeZoneCode": "Europe/Andorra",
            "isTemporaryAddress": true,
            "areGeographicalCoordinatesOverridden": true,
            "isResidentialAddress": true,
            "note": {
                "value": "_value_",
                "languageCode": "en"
            },
            "addressDistrict": "_addressDistrict_",
            "addressRegion": "_addressRegion_",
            "honorific": "_honorific_",
            "externalAddressId": "_externalAddressId_",
            "ownerOfLocation": "_ownerOfLocation_"
        },
        "carrier": {
            "primaryId": "_primaryId_",
            "additionalPartyId": [
                {
                    "value": "_value_",
                    "typeCode": "FOR_INTERNAL_USE_1"
                }
            ],
            "address": {
                "city": "_city_",
                "countryCode": "AF",
                "currencyOfPartyCode": "AFN",
                "languageOfThePartyCode": "aa",
                "name": "_name_",
                "pOBoxNumber": "_pOBoxNumber_",
                "postalCode": "_postalCode_",
                "state": "_state_",
                "streetAddressOne": "_streetAddressOne_",
                "streetAddressTwo": "_streetAddressTwo_",
                "streetAddressThree": "_streetAddressThree_",
                "geographicalCoordinates": {
                    "latitude": "_latitude_",
                    "longitude": "_longitude_"
                },
                "addressDistrict": "_addressDistrict_",
                "addressRegion": "_addressRegion_"
            },
            "contact": [
                {
                    "contactTypeCode": "AA",
                    "personName": "_personName_",
                    "departmentName": "_departmentName_",
                    "jobTitle": "_jobTitle_",
                    "communicationChannel": [
                        {
                            "communicationChannelCode": "EMAIL",
                            "communicationValue": "_communicationValue_",
                            "communicationChannelName": "_communicationChannelName_"
                        }
                    ],
                    "companyName": "_companyName_",
                    "personFirstName": "_personFirstName_",
                    "personLastName": "_personLastName_"
                }
            ],
            "organisationName": "_organisationName_",
            "addressId": "_addressId_",
            "isResidentialAddress": true,
            "name": "_name_",
            "addressType": "_addressType_",
            "timeZoneCode": "Europe/Andorra",
            "isTemporaryAddress": true,
            "areGeographicalCoordinatesOverridden": true,
            "note": {
                "value": "_value_",
                "languageCode": "en"
            },
            "addressDistrict": "_addressDistrict_",
            "addressRegion": "_addressRegion_",
            "honorific": "_honorific_",
            "externalAddressId": "_externalAddressId_"
        },
        "receivingAdviceTransportInformation": {
            "transportMeansID": "_transportMeansID_",
            "transportLoadId": "_transportLoadId_",
            "driver": {
                "contactTypeCode": "AA",
                "personName": "_personName_",
                "departmentName": "_departmentName_",
                "jobTitle": "_jobTitle_",
                "communicationChannel": [
                    {
                        "communicationChannelCode": "EMAIL",
                        "communicationValue": "_communicationValue_",
                        "communicationChannelName": "_communicationChannelName_"
                    }
                ],
                "companyName": "_companyName_",
                "personFirstName": "_personFirstName_",
                "personLastName": "_personLastName_"
            }
        },
        "billOfLadingNumber": {
            "entityId": "_entityId_",
            "creationDateTime": "2025-11-10T15:08:31.310Z",
            "lineItemNumber": 1
        },
        "despatchAdvice": {
            "entityId": "_entityId_",
            "creationDateTime": "2025-11-10T15:08:31.310Z",
            "lineItemNumber": 9
        },
        "purchaseOrder": {
            "entityId": "_entityId_",
            "creationDateTime": "2025-11-10T15:08:31.310Z",
            "lineItemNumber": 1
        },
        "shipmentId": {
            "primaryId": "_primaryId_",
            "additionalShipmentId": [
                {
                    "value": "_value_",
                    "typeCode": "GOODS_RECEIVER_ASSIGNED"
                }
            ]
        },
        "receivingAdviceLogisticUnit": [
            {
                "levelId": 7,
                "parentLevelId": 8,
                "packageTypeCode": "1A",
                "quantityOfLogisticUnits": 5,
                "quantityOfChildren": 7,
                "logisticUnitId": {
                    "primaryId": "_primaryId_",
                    "additionalLogisticUnitId": [
                        {
                            "value": "_value_",
                            "typeCode": "GOODS_RECEIVER_ASSIGNED"
                        }
                    ]
                },
                "logisticUnitMeasurement": {
                    "dimension": {
                        "depth": {
                            "value": 0.8959730850744456,
                            "measurementUnitCode": "EA"
                        },
                        "height": {
                            "value": 0.13507495822517657,
                            "measurementUnitCode": "EA"
                        },
                        "width": {
                            "value": 0.9039917671960678,
                            "measurementUnitCode": "EA"
                        }
                    },
                    "unitMeasurement": [
                        {
                            "measurementType": "DECLARED_NET_WEIGHT",
                            "measurementValue": {
                                "value": 0.9229907223321999,
                                "measurementUnitCode": "EA"
                            }
                        }
                    ]
                },
                "returnablePackaging": [
                    {
                        "packagingQuantity": 4,
                        "returnableAssetId": {
                            "primaryId": "_primaryId_",
                            "additionalReturnableAssetId": [
                                {
                                    "value": "_value_",
                                    "typeCode": "INDUSTRY_ASSIGNED"
                                }
                            ]
                        }
                    }
                ],
                "assetId": [
                    {
                        "primaryId": "_primaryId_",
                        "additionalIndividualAssetId": [
                            {
                                "value": "_value_",
                                "typeCode": "INDUSTRY_ASSIGNED"
                            }
                        ]
                    }
                ],
                "packageTrackingNumber": "_packageTrackingNumber_",
                "extensions": {},
                "lineItem": [
                    {
                        "lineItemNumber": 3,
                        "quantityReceived": {
                            "value": 0.9438077550840499,
                            "measurementUnitCode": "MGM"
                        },
                        "quantityAccepted": {
                            "value": 0.044325319526123064,
                            "measurementUnitCode": "MGM"
                        },
                        "quantityDespatched": {
                            "value": 0.5358034347369339,
                            "measurementUnitCode": "MGM"
                        },
                        "transactionalTradeItem": {
                            "primaryId": "_primaryId_",
                            "additionalTradeItemId": [
                                {
                                    "value": "_value_",
                                    "typeCode": "FOR_INTERNAL_USE_1"
                                }
                            ],
                            "itemName": "_itemName_",
                            "tradeItemQuantity": {
                                "value": 0.889867629824656,
                                "measurementUnitCode": "MGM"
                            },
                            "tradeItemDescription": {
                                "value": "_value_",
                                "languageCode": "aa"
                            },
                            "productVariantId": "_productVariantId_",
                            "itemTypeCode": "CONSUMER_UNIT",
                            "transactionalItemData": [
                                {
                                    "availableForSaleDate": "2025-11-10",
                                    "batchNumber": "_batchNumber_",
                                    "countryOfOrigin": "AF",
                                    "itemExpirationDate": "2025-11-10",
                                    "lotNumber": "_lotNumber_",
                                    "packagingDate": "2025-11-10",
                                    "productionDate": "2025-11-10",
                                    "serialNumber": [
                                        "_serialNumber_"
                                    ],
                                    "tradeItemQuantity": {
                                        "value": 0.8785726528604794,
                                        "measurementUnitCode": "MGM"
                                    },
                                    "transactionalItemWeight": [
                                        {
                                            "measurementType": "DECLARED_NET_WEIGHT",
                                            "measurementValue": {
                                                "value": 0.5234963162611704,
                                                "measurementUnitCode": "EA"
                                            }
                                        }
                                    ],
                                    "availableForSaleTime": "15:08:31.311",
                                    "ownerOfLot": "_ownerOfLot_",
                                    "externalLotNumber": "_externalLotNumber_"
                                }
                            ]
                        },
                        "customerReference": {
                            "entityId": "_entityId_",
                            "creationDateTime": "2025-11-10T15:08:31.311Z",
                            "lineItemNumber": 3,
                            "lineItemId": "_lineItemId_"
                        },
                        "purchaseOrder": {
                            "entityId": "_entityId_",
                            "creationDateTime": "2025-11-10T15:08:31.311Z",
                            "lineItemNumber": 5,
                            "lineItemId": "_lineItemId_",
                            "requestScheduleNumber": "_requestScheduleNumber_",
                            "deliveryScheduleNumber": "_deliveryScheduleNumber_"
                        },
                        "consignmentId": {
                            "primaryId": "_primaryId_",
                            "additionalConsignmentId": [
                                {
                                    "value": "_value_",
                                    "typeCode": "CARRIER_ASSIGNED"
                                }
                            ]
                        },
                        "receivingConditionInformation": [
                            {
                                "receivingConditionCode": "ACCEPTED_IN_FULL",
                                "receivingConditionQuantity": {
                                    "value": 0.8345323481734461,
                                    "measurementUnitCode": "MGM"
                                }
                            }
                        ],
                        "extensions": {},
                        "businessAction": "_businessAction_",
                        "lineItemId": "_lineItemId_",
                        "originalReceiptLineId": "_originalReceiptLineId_",
                        "blanketPurchaseOrder": "_blanketPurchaseOrder_",
                        "externalItemName": "_externalItemName_",
                        "orderTypeCode": "DEPLOYMENT_ORDER",
                        "ownerOfShipment": "_ownerOfShipment_",
                        "transportationShipmentLineId": "_transportationShipmentLineId_",
                        "billOfLadingNumber": "_billOfLadingNumber_",
                        "parentOrder": {
                            "ownerOfParentOrder": "_ownerOfParentOrder_",
                            "parentOrderId": "_parentOrderId_",
                            "parentOrderIdTypeCode": "DEPLOYMENT_ORDER"
                        },
                        "shippingInformation": {
                            "ownerOfShipment": "_ownerOfShipment_",
                            "organizationName": "_organizationName_",
                            "shipmentId": "_shipmentId_",
                            "shipmentLineId": "_shipmentLineId_"
                        },
                        "inventorySubLocation": "_inventorySubLocation_",
                        "invoiceType": "_invoiceType_",
                        "quantityRejected": {
                            "value": 0.593474592222921,
                            "measurementUnitCode": "MGM"
                        },
                        "catchQuantity": {
                            "value": 0.07777444834045866,
                            "measurementUnitCode": "MGM"
                        },
                        "cumulativeCatchQuantity": {
                            "value": 0.5726734388945721,
                            "measurementUnitCode": "MGM"
                        },
                        "expectedCatchQuantity": {
                            "value": 0.8937373378763911,
                            "measurementUnitCode": "MGM"
                        },
                        "serialNumberInformationList": [
                            {
                                "serialNumber": "_serialNumber_",
                                "serialNumberType": "_serialNumberType_",
                                "serializationLevel": "_serializationLevel_",
                                "logisticUnitId": "_logisticUnitId_",
                                "levelId": 4,
                                "parentSerialNumber": "_parentSerialNumber_",
                                "parentLevelId": 5,
                                "extensions": {}
                            }
                        ],
                        "isInventoryOnHold": true,
                        "isOwnedBySupplier": true,
                        "supplier": {
                            "primaryId": "_primaryId_",
                            "additionalPartyId": [
                                {
                                    "value": "_value_",
                                    "typeCode": "FOR_INTERNAL_USE_1"
                                }
                            ],
                            "name": "_name_"
                        },
                        "returnMaterialsAuthorizationNumber": "_returnMaterialsAuthorizationNumber_",
                        "eCommerceReturn": {
                            "returnReason": "_returnReason_",
                            "returnLineItemStatus": "_returnLineItemStatus_",
                            "requestedActionOnItem": "_requestedActionOnItem_"
                        },
                        "receivingAdviceLineNote": [
                            {
                                "lineNumber": "_lineNumber_",
                                "text": {
                                    "value": "_value_",
                                    "languageCode": "en"
                                },
                                "type": "_type_",
                                "isPrintable": true
                            }
                        ],
                        "inventoryAttributes": {
                            "invAttrStr1": "_invAttrStr1_",
                            "invAttrStr2": "_invAttrStr2_",
                            "invAttrStr3": "_invAttrStr3_",
                            "invAttrStr4": "_invAttrStr4_",
                            "invAttrStr5": "_invAttrStr5_",
                            "invAttrStr6": "_invAttrStr6_",
                            "invAttrStr7": "_invAttrStr7_",
                            "invAttrStr8": "_invAttrStr8_",
                            "invAttrStr9": "_invAttrStr9_",
                            "invAttrStr10": "_invAttrStr10_",
                            "invAttrStr11": "_invAttrStr11_",
                            "invAttrStr12": "_invAttrStr12_",
                            "invAttrStr13": "_invAttrStr13_",
                            "invAttrStr14": "_invAttrStr14_",
                            "invAttrStr15": "_invAttrStr15_",
                            "invAttrStr16": "_invAttrStr16_",
                            "invAttrStr17": "_invAttrStr17_",
                            "invAttrStr18": "_invAttrStr18_",
                            "invAttrInt1": -4,
                            "invAttrInt2": 2,
                            "invAttrInt3": 8,
                            "invAttrInt4": 8,
                            "invAttrInt5": 6,
                            "invAttrFlt1": 0.2805255,
                            "invAttrFlt2": 0.42228103,
                            "invAttrFlt3": 0.118560195,
                            "invAttrDte1": "2025-11-10T15:08:31.311Z",
                            "invAttrDte2": "2025-11-10T15:08:31.311Z"
                        },
                        "salesOrder": {
                            "entityId": "_entityId_",
                            "creationDateTime": "2025-11-10T15:08:31.311Z",
                            "lineItemNumber": 6,
                            "lineItemId": "_lineItemId_",
                            "sellingChannel": "_sellingChannel_"
                        },
                        "inventoryStatusType": "_inventoryStatusType_",
                        "invoiceId": "_invoiceId_",
                        "invoiceLineId": "_invoiceLineId_",
                        "ownerOfInvoice": "_ownerOfInvoice_",
                        "ownerOfTradeItem": "_ownerOfTradeItem_",
                        "requiresTransportPlanning": true,
                        "subLineId": "_subLineId_",
                        "totalGrossVolume": {
                            "value": 0.6900567287542211,
                            "measurementUnitCode": "MGM"
                        },
                        "transportationShipmentId": "_transportationShipmentId_"
                    }
                ]
            }
        ],
        "shipToLocationTypeCode": "BREEDER",
        "shipFromLocationTypeCode": "BREEDER",
        "isValidForExec": true,
        "businessAction": "_businessAction_",
        "receivingAdviceType": "_receivingAdviceType_",
        "inboundShipmentId": "_inboundShipmentId_",
        "alternateInboundShipmentId": "_alternateInboundShipmentId_",
        "transportModeCode": "00",
        "waybillNumber": "_waybillNumber_",
        "isManuallyGenerated": true,
        "isFinalReceipt": true,
        "eCommerceReturn": {
            "returnOrderStatus": "_returnOrderStatus_",
            "returnSourceType": "_returnSourceType_",
            "originalCarrier": "_originalCarrier_",
            "originalShipmentReference": "_originalShipmentReference_"
        },
        "transportEquipment": {
            "transportEquipmentTypeCode": {
                "value": "_value_",
                "codeListName": "_codeListName_"
            },
            "returnableAssetId": [
                {
                    "primaryId": "_primaryId_",
                    "additionalReturnableAssetId": [
                        {
                            "value": "_value_",
                            "typeCode": "INDUSTRY_ASSIGNED"
                        }
                    ]
                }
            ],
            "assetId": [
                {
                    "primaryId": "_primaryId_",
                    "additionalIndividualAssetId": [
                        {
                            "value": "_value_",
                            "typeCode": "INDUSTRY_ASSIGNED"
                        }
                    ]
                }
            ],
            "transportEquipmentProvider": {
                "primaryId": "_primaryId_",
                "additionalPartyId": [
                    {
                        "value": "_value_",
                        "typeCode": "FOR_INTERNAL_USE_1"
                    }
                ],
                "address": {
                    "city": "_city_",
                    "countryCode": "AF",
                    "currencyOfPartyCode": "AFN",
                    "languageOfThePartyCode": "aa",
                    "name": "_name_",
                    "pOBoxNumber": "_pOBoxNumber_",
                    "postalCode": "_postalCode_",
                    "state": "_state_",
                    "streetAddressOne": "_streetAddressOne_",
                    "streetAddressTwo": "_streetAddressTwo_",
                    "streetAddressThree": "_streetAddressThree_",
                    "geographicalCoordinates": {
                        "latitude": "_latitude_",
                        "longitude": "_longitude_"
                    },
                    "addressDistrict": "_addressDistrict_",
                    "addressRegion": "_addressRegion_"
                },
                "contact": [
                    {
                        "contactTypeCode": "AA",
                        "personName": "_personName_",
                        "departmentName": "_departmentName_",
                        "jobTitle": "_jobTitle_",
                        "communicationChannel": [
                            {
                                "communicationChannelCode": "EMAIL",
                                "communicationValue": "_communicationValue_",
                                "communicationChannelName": "_communicationChannelName_"
                            }
                        ],
                        "companyName": "_companyName_",
                        "personFirstName": "_personFirstName_",
                        "personLastName": "_personLastName_"
                    }
                ],
                "organisationName": "_organisationName_",
                "addressId": "_addressId_",
                "isResidentialAddress": true,
                "name": "_name_",
                "addressType": "_addressType_",
                "timeZoneCode": "Europe/Andorra",
                "isTemporaryAddress": true,
                "areGeographicalCoordinatesOverridden": true,
                "note": {
                    "value": "_value_",
                    "languageCode": "en"
                },
                "addressDistrict": "_addressDistrict_",
                "addressRegion": "_addressRegion_",
                "honorific": "_honorific_",
                "externalAddressId": "_externalAddressId_"
            },
            "transportEquipmentLength": {
                "value": 0.16167542901022092,
                "measurementUnitCode": "EA"
            },
            "transportEquipmentWeight": {
                "value": 0.9433477450414617,
                "measurementUnitCode": "EA"
            },
            "transportSeal": [
                {
                    "sealId": "_sealId_",
                    "sealTypeCode": "1",
                    "sealSequence": 4
                }
            ],
            "originalIndividualAssetId": {
                "primaryId": "_primaryId_",
                "additionalIndividualAssetId": [
                    {
                        "value": "_value_",
                        "typeCode": "INDUSTRY_ASSIGNED"
                    }
                ]
            },
            "transportEquipmentCondition": "_transportEquipmentCondition_",
            "transportEquipmentPurpose": "Shipping",
            "transportEquipmentStatus": "_transportEquipmentStatus_",
            "driverLicenseNumber": "_driverLicenseNumber_",
            "isDelivery": true,
            "isRefrigerated": true,
            "isReused": true,
            "transportEquipmentStorageLocation": {
                "additionalLocationId": [
                    "_additionalLocationId_"
                ],
                "sublocationId": "_sublocationId_",
                "locationSpecificInstructions": {
                    "value": "_value_",
                    "languageCode": "aa"
                },
                "address": {
                    "city": "_city_",
                    "countryCode": "AF",
                    "currencyOfPartyCode": "AFN",
                    "languageOfThePartyCode": "aa",
                    "name": "_name_",
                    "pOBoxNumber": "_pOBoxNumber_",
                    "postalCode": "_postalCode_",
                    "state": "_state_",
                    "streetAddressOne": "_streetAddressOne_",
                    "streetAddressTwo": "_streetAddressTwo_",
                    "streetAddressThree": "_streetAddressThree_",
                    "geographicalCoordinates": {
                        "latitude": "_latitude_",
                        "longitude": "_longitude_"
                    },
                    "addressDistrict": "_addressDistrict_",
                    "addressRegion": "_addressRegion_"
                },
                "contact": [
                    {
                        "contactTypeCode": "AA",
                        "personName": "_personName_",
                        "departmentName": "_departmentName_",
                        "jobTitle": "_jobTitle_",
                        "communicationChannel": [
                            {
                                "communicationChannelCode": "EMAIL",
                                "communicationValue": "_communicationValue_",
                                "communicationChannelName": "_communicationChannelName_"
                            }
                        ],
                        "companyName": "_companyName_",
                        "personFirstName": "_personFirstName_",
                        "personLastName": "_personLastName_"
                    }
                ]
            },
            "yardTransportEquipmentStatus": "_yardTransportEquipmentStatus_",
            "expectedYardDepartureDateTime": "2025-11-10T15:08:31.312Z",
            "deliveryCloseDateTime": "2025-11-10T15:08:31.312Z",
            "appointment": {
                "entityId": "_entityId_",
                "creationDateTime": "2025-11-10T15:08:31.312Z",
                "lineItemNumber": 7
            },
            "deliveryAuditId": "_deliveryAuditId_"
        },
        "invoiceInformation": [
            {
                "invoiceId": "_invoiceId_",
                "ownerOfInvoice": "_ownerOfInvoice_",
                "proNumber": {
                    "entityId": "_entityId_",
                    "creationDateTime": "2025-11-10T15:08:31.312Z",
                    "lineItemNumber": 10
                },
                "deliveryNumber": {
                    "entityId": "_entityId_",
                    "creationDateTime": "2025-11-10T15:08:31.312Z",
                    "lineItemNumber": 2
                },
                "returnReferenceNote1": "_returnReferenceNote1_",
                "returnReferenceNote2": "_returnReferenceNote2_",
                "returnReferenceNote3": "_returnReferenceNote3_",
                "originatorReferenceNumber": {
                    "entityId": "_entityId_",
                    "creationDateTime": "2025-11-10T15:08:31.312Z",
                    "lineItemNumber": 6
                },
                "isIncludedInMasterReceipt": true,
                "extensions": {}
            }
        ],
        "expectedWeight": {
            "value": 0.7155877891898735,
            "measurementUnitCode": "EA"
        },
        "expectedPallets": -6,
        "expectedCases": 1,
        "freightCost": {
            "value": 0.5824307,
            "currencyCode": "USD"
        },
        "despatchAdviceActualShipDateTime": "2025-11-10T15:08:31.312Z",
        "receivingCompleteDateTime": "2025-11-10T15:08:31.312Z",
        "originalReceiptId": "_originalReceiptId_",
        "shippingInformation": {
            "ownerOfShipment": "_ownerOfShipment_",
            "organizationName": "_organizationName_",
            "shipmentId": "_shipmentId_",
            "shipmentLineId": "_shipmentLineId_"
        },
        "inventoryReceiptInformation": {
            "inventoryTransactionSequence": 7,
            "consignmentChangeEvent": "_consignmentChangeEvent_",
            "costAccountId": "_costAccountId_",
            "extensions": {}
        },
        "receivingAdviceNote": [
            {
                "lineNumber": "_lineNumber_",
                "text": {
                    "value": "_value_",
                    "languageCode": "en"
                },
                "type": "_type_",
                "isPrintable": true
            }
        ],
        "customerReference": "_customerReference_",
        "orderReferenceType": "AAB",
        "originalOrderNumber": "_originalOrderNumber_",
        "returnShipmentReference": "_returnShipmentReference_",
        "senderDocumentId": "_senderDocumentId_",
        "trailerArrivalDateTime": "2025-11-10T15:08:31.313Z"
    }
]