[
    {
        "creationDateTime": "2025-11-10T15:00:48.502Z",
        "documentStatusCode": "ORIGINAL",
        "documentActionCode": "ADD",
        "lastUpdateDateTime": "2025-11-10T15:00:48.502Z",
        "extensions": {},
        "entityId": "_entityId_",
        "externalEntityId": "_externalEntityId_",
        "senderSystem": "_senderSystem_",
        "shipmentId": "_shipmentId_",
        "shipmentType": "_shipmentType_",
        "shipmentType1": "_shipmentType1_",
        "shipmentType2": "_shipmentType2_",
        "orderSubType": "_orderSubType_",
        "priority": -10,
        "buyerId": "_buyerId_",
        "shiftSequence": 8,
        "numExistingSplits": -1,
        "splitShipmentId": "_splitShipmentId_",
        "shipmentSplitMethod": "NO_SPLIT",
        "minOrderValue": 0.7227794623920712,
        "orderGroup": "_orderGroup_",
        "fulfillmentStatusCode": "DESPATCHED",
        "transportationStatusCode": "OPEN",
        "transportServiceCategoryType": "10",
        "freightFinancialStatusCode": "OPEN",
        "holdShipment": true,
        "holdShipmentReason": "_holdShipmentReason_",
        "supplierId": "_supplierId_",
        "shipFrom": {
            "locationId": "_locationId_",
            "locationName": "_locationName_",
            "address": {
                "streetAddressOne": "_streetAddressOne_",
                "streetAddressTwo": "_streetAddressTwo_",
                "streetAddressThree": "_streetAddressThree_",
                "city": "_city_",
                "state": "_state_",
                "postalCode": "_postalCode_",
                "countryCode": "_countryCode_",
                "geographicalCoordinates": {
                    "latitude": "_latitude_",
                    "longitude": "_longitude_"
                }
            },
            "isResidentialAddress": true,
            "primaryContact": {
                "personName": "_personName_",
                "companyName": "_companyName_",
                "phone": "_phone_",
                "email": "_email_",
                "fax": "_fax_",
                "webSite": "_webSite_"
            },
            "ownerOfLocation": "_ownerOfLocation_"
        },
        "shipTo": {
            "locationId": "_locationId_",
            "locationName": "_locationName_",
            "address": {
                "streetAddressOne": "_streetAddressOne_",
                "streetAddressTwo": "_streetAddressTwo_",
                "streetAddressThree": "_streetAddressThree_",
                "city": "_city_",
                "state": "_state_",
                "postalCode": "_postalCode_",
                "countryCode": "_countryCode_",
                "geographicalCoordinates": {
                    "latitude": "_latitude_",
                    "longitude": "_longitude_"
                }
            },
            "isResidentialAddress": true,
            "primaryContact": {
                "personName": "_personName_",
                "companyName": "_companyName_",
                "phone": "_phone_",
                "email": "_email_",
                "fax": "_fax_",
                "webSite": "_webSite_"
            },
            "ownerOfLocation": "_ownerOfLocation_"
        },
        "billToId": "_billToId_",
        "requiredCarrierId": "_requiredCarrierId_",
        "freightTerms": "AA",
        "mergeInTransitGroup": "_mergeInTransitGroup_",
        "mergeInTransitSeq": 0,
        "consolidationClass": "_consolidationClass_",
        "consolidationLevel": "LOAD",
        "requiredServiceLevelCode": "AUTHORIZED_RETURN_SERVICE",
        "requiredServiceLevel": "_requiredServiceLevel_",
        "requiresTransportPlanning": true,
        "isValidForTransportPlanning": true,
        "isValidForExec": true,
        "shipmentCommodityCode": "_shipmentCommodityCode_",
        "transportationPlanId": "_transportationPlanId_",
        "externalCostId": "_externalCostId_",
        "requestedShipDateRange": {
            "beginDateTime": "2025-11-10T15:00:48.502Z",
            "endDateTime": "2025-11-10T15:00:48.502Z"
        },
        "requestedDeliveryDateRange": {
            "beginDateTime": "2025-11-10T15:00:48.502Z",
            "endDateTime": "2025-11-10T15:00:48.502Z"
        },
        "freightTotal": {
            "totalGrossWeight": 0.522501356370577,
            "weightUom": "MGM",
            "totalVolume": 0.4344817749698635,
            "volumeUom": "CMQ",
            "orderValue": 0.17138349512538287,
            "numberOfPieces": -10,
            "numberOfPallets": 6,
            "ladenLength": 0.3666377355660295
        },
        "flexibleQuantities": {
            "flexibleQty1": 0.944575058680345,
            "flexibleQty2": 0.6235339904748585,
            "flexibleQty3": 0.5765091197371794,
            "flexibleQty4": 0.8212233455673758,
            "flexibleQty5": 0.6405314497332317
        },
        "allocationDateTime": "2025-11-10T15:00:48.502Z",
        "stagedDateTime": "2025-11-10T15:00:48.502Z",
        "loadedDateTime": "2025-11-10T15:00:48.502Z",
        "documentReference": [
            {
                "referenceName": "_referenceName_",
                "referenceValue": "_referenceValue_"
            }
        ],
        "note": [
            {
                "text": {
                    "value": "_value_",
                    "languageCode": "en"
                },
                "type": "_type_",
                "createdBy": "_createdBy_",
                "createdDateTime": "2025-11-10T15:00:48.503Z"
            }
        ],
        "attachment": [
            {
                "type": "_type_",
                "name": "_name_",
                "link": "_link_",
                "createdBy": "_createdBy_",
                "createdDateTime": "2025-11-10T15:00:48.503Z"
            }
        ],
        "shipmentLine": [
            {
                "shipmentLineId": "_shipmentLineId_",
                "inventoryStatusProgression": "_inventoryStatusProgression_",
                "orderReleaseReference": "_orderReleaseReference_",
                "orderReleaseLineReference": "_orderReleaseLineReference_",
                "orderReleaseSubLineReference": "_orderReleaseSubLineReference_",
                "ownerOfOrder": "_ownerOfOrder_",
                "orderLineInstructionCode": "NO_PARTIAL_DELIVERY_ALLOWED",
                "itemId": "_itemId_",
                "itemName": "_itemName_",
                "itemDescription": "_itemDescription_",
                "ownerOfTradeItem": "_ownerOfTradeItem_",
                "commodityType": "_commodityType_",
                "quantity": 0.5114251627559989,
                "quantityUom": "EA",
                "allocatedQuantity": 0.21636731694290423,
                "pickedQuantity": 0.5022575636799863,
                "inProcessQuantity": 0.6232526463175333,
                "packedQuantity": 0.08929844383893415,
                "stagedQuantity": 0.05505533864923051,
                "shippedQuantity": 0.6122976829103518,
                "distributionQuantity": 0.9022557416661718,
                "overAllocationinProcessQuantity": 0.3489446072170347,
                "overAllocationQuantityOrPercentage": {
                    "value": 0.4957346807296834,
                    "overAllocationCode": "PRCT"
                },
                "unitGrossDimensions": {
                    "depth": 0.5028491397024311,
                    "height": 0.08227329665714889,
                    "width": 0.37937243628908746,
                    "dimensionUom": "MMT"
                },
                "unitGrossWeight": 0.926912754294387,
                "totalGrossWeight": 0.6794098627845195,
                "weightUom": "MGM",
                "totalGrossVolume": 0.6234274309648365,
                "volumeUom": "CMQ",
                "salesOrder": [
                    {
                        "salesOrderId": "_salesOrderId_",
                        "salesOrderCreationDateTime": "2025-11-10T15:00:48.503Z",
                        "salesOrderLineItemId": "_salesOrderLineItemId_"
                    }
                ],
                "documentReference": [
                    {
                        "referenceName": "_referenceName_",
                        "referenceValue": "_referenceValue_"
                    }
                ],
                "shipmentItemCrossReference": "_shipmentItemCrossReference_",
                "nominalWeight": "_nominalWeight_",
                "totalNominalWeight": "_totalNominalWeight_",
                "itemOrderValue": 0.21666952917735982,
                "totalItemOrderValue": 0.5156813031433015,
                "itemDeclaredValue": 0.8053552936627882,
                "totalItemDeclaredValue": 0.47257965677282265,
                "inputSourceEnumerationCode": "TRNSSRC_NULL",
                "serialLotControlEnumerationCode": "SLC_NULL",
                "freightClassCode": "_frei",
                "nmfcCode": "_nmfcCode_",
                "harmonizedTariffCode": "_harmonizedTariffCode_",
                "lineFulfillmentStatusCode": "DESPATCHED",
                "processingPriority": 1,
                "shipmentLineNote": [
                    {
                        "text": {
                            "value": "_value_",
                            "languageCode": "en"
                        },
                        "type": "_type_",
                        "createdBy": "_createdBy_",
                        "createdDateTime": "2025-11-10T15:00:48.503Z"
                    }
                ],
                "extensions": {}
            }
        ],
        "plannedLogisticUnit": [
            {
                "logisticUnitId": "_logisticUnitId_",
                "logisticUnitName": "_logisticUnitName_",
                "parentLogisticUnitId": "_parentLogisticUnitId_",
                "levelId": 3,
                "commodityType": "_commodityType_",
                "declaredValue": {
                    "value": 0.7660943,
                    "currencyCode": "USD"
                },
                "quantity": 0.9399366013959946,
                "quantityUom": "EA",
                "totalGrossWeight": 0.04058117336542677,
                "weightUom": "MGM",
                "totalGrossDimensions": {
                    "depth": 0.45968540992162243,
                    "height": 0.8997073600791953,
                    "width": 0.6139366383550838,
                    "dimensionUom": "MMT",
                    "ladenLength": 0.41239610532763926,
                    "radius": 0.4595566651214623
                },
                "flexibleQuantities": {
                    "flexibleQty1": 0.3314883210883214,
                    "flexibleQty2": 0.5651381614860667,
                    "flexibleQty3": 0.04626920887805952,
                    "flexibleQty4": 0.4051832937836649,
                    "flexibleQty5": 0.9692440688276273
                },
                "itemDetail": [
                    {
                        "shipmentLineId": "_shipmentLineId_",
                        "itemId": "_itemId_",
                        "ownerOfTradeItem": "_ownerOfTradeItem_",
                        "quantity": 0.4603982400049905,
                        "quantityUom": "EA",
                        "inventoryStatusCode": "LOW_QUALITY",
                        "itemFamily": "_itemFamily_",
                        "extensions": {}
                    }
                ],
                "documentReference": [
                    {
                        "referenceName": "_referenceName_",
                        "referenceValue": "_referenceValue_"
                    }
                ],
                "allowSplit": true,
                "shapeType": "BOX",
                "totalVolume": 0.6625580777865793,
                "totalCubicVolume": 0.2616813013202324,
                "volumeUom": "CMQ",
                "numberOfPieces": 0.1953188753263796,
                "numberOfPallets": 0.13372603570333053,
                "numberOfUnits": 0.688352489116104,
                "orderValue": 0.7663281422702733,
                "containerOrientation": [
                    {
                        "containerOrientationType": "OR_NULL",
                        "isOrientationAllowed": true,
                        "priority": 0
                    }
                ],
                "packageType": "EBX",
                "maxStackingWeight": 5,
                "stackGroup": -7,
                "stackHeight": 1,
                "stackingRule": "STACKING_ALLOWED",
                "displayColor": "_displayColor_",
                "displayName": "_displayName_",
                "priority": -9,
                "splitMethodType": "NONE",
                "is3DPackingRequired": true,
                "isPackageLevelCommitted": true,
                "logisticUnitReference": "_logisticUnitReference_",
                "itemPackageLevel": "1",
                "extensions": {}
            }
        ],
        "actualLogisticUnit": [
            {
                "logisticUnitId": "_logisticUnitId_",
                "logisticUnitName": "_logisticUnitName_",
                "parentLogisticUnitId": "_parentLogisticUnitId_",
                "levelId": 5,
                "commodityType": "_commodityType_",
                "declaredValue": {
                    "value": 0.5102535,
                    "currencyCode": "USD"
                },
                "totalGrossWeight": 0.8757405005514421,
                "weightUom": "MGM",
                "totalGrossDimensions": {
                    "depth": 0.7969410326108154,
                    "height": 0.3691349722143732,
                    "width": 0.03642321012694438,
                    "dimensionUom": "MMT",
                    "ladenLength": 0.18080937863815139,
                    "radius": 0.29405389711030505
                },
                "flexibleQuantities": {
                    "flexibleQty1": 0.2165309855834976,
                    "flexibleQty2": 0.659372057451785,
                    "flexibleQty3": 0.3553521182607269,
                    "flexibleQty4": 0.3112231298195022,
                    "flexibleQty5": 0.9182045795966088
                },
                "itemDetail": [
                    {
                        "shipmentLineId": "_shipmentLineId_",
                        "itemId": "_itemId_",
                        "ownerOfTradeItem": "_ownerOfTradeItem_",
                        "quantity": 0.3232852134262122,
                        "quantityUom": "EA",
                        "catchQuantity": 0.6367352913333422,
                        "catchQuantityUom": "EA",
                        "batchNumber": "_batchNumber_",
                        "lotNumber": "_lotNumber_",
                        "productVariantId": "_productVariantId_",
                        "productionDate": "2025-11-10",
                        "expirationDate": "2025-11-10",
                        "inventoryStatusCode": "LOW_QUALITY",
                        "customsConsignmentId": "_customsConsignmentId_",
                        "countryOfOrigin": "AF",
                        "isCustomsBondRequired": true,
                        "isDutyStampTracked": true,
                        "serialNumberInformation": [
                            {
                                "serialNumberType": "_serialNumberType_",
                                "serialNumber": "_serialNumber_"
                            }
                        ],
                        "itemFamily": "_itemFamily_",
                        "extensions": {}
                    }
                ],
                "documentReference": [
                    {
                        "referenceName": "_referenceName_",
                        "referenceValue": "_referenceValue_"
                    }
                ],
                "allowSplit": true,
                "shapeType": "BOX",
                "totalVolume": 0.14710109442113073,
                "totalCubicVolume": 0.19583274329018874,
                "numberOfPieces": 0.5823891942609326,
                "numberOfPallets": 0.14114754771343785,
                "numberOfUnits": 0.39634957807184146,
                "orderValue": 0.20924368650358804,
                "containerOrientation": [
                    {
                        "containerOrientationType": "OR_NULL",
                        "isOrientationAllowed": true,
                        "priority": 1
                    }
                ],
                "packageType": "EBX",
                "maxStackingWeight": 7,
                "stackGroup": -3,
                "stackHeight": 2,
                "stackingRule": "STACKING_ALLOWED",
                "displayColor": "_displayColor_",
                "displayName": "_displayName_",
                "priority": 5,
                "splitMethodType": "NONE",
                "is3DPackingRequired": true,
                "isPackageLevelCommitted": true,
                "logisticUnitReference": "_logisticUnitReference_",
                "itemPackageLevel": "1",
                "extensions": {}
            }
        ],
        "stop": [
            {
                "stopSequenceNumber": 7,
                "stopLocationId": "_stopLocationId_",
                "stopLocationName": "_stopLocationName_",
                "stopOperationTypeCode": "PICKUP",
                "stopStatusCode": "OPEN",
                "stopActivity": [
                    {
                        "shipmentLineId": "_shipmentLineId_",
                        "itemId": "_itemId_",
                        "ownerOfTradeItem": "_ownerOfTradeItem_",
                        "logisticUnitId": "_logisticUnitId_",
                        "activityTypeCode": "PICKUP",
                        "quantity": 0.6907426717994725,
                        "quantityUom": "EA",
                        "activityDateTime": "2025-11-10T15:00:48.505Z",
                        "actualItemDetails": {
                            "totalGrossWeight": 0.07016471200090257,
                            "weightUom": "MGM",
                            "totalGrossVolume": 0.7648693704151946,
                            "volumeUom": "CMQ"
                        },
                        "extensions": {}
                    }
                ],
                "extensions": {}
            }
        ],
        "tmReferenceNumber": [
            {
                "referenceNumberName": "_referenceNumberName_",
                "referenceNumberValue": "_referenceNumberValue_"
            }
        ],
        "shipmentLeg": [
            {
                "shipmentLegId": "_shipmentLegId_",
                "departureLocationId": "_departureLocationId_",
                "departureLocationName": "_departureLocationName_",
                "arrivalLocationId": "_arrivalLocationId_",
                "arrivalLocationName": "_arrivalLocationName_",
                "plannedDepartureDateRange": {
                    "beginDateTime": "2025-11-10T15:00:48.505Z",
                    "endDateTime": "2025-11-10T15:00:48.505Z"
                },
                "plannedArrivalDateRange": {
                    "beginDateTime": "2025-11-10T15:00:48.505Z",
                    "endDateTime": "2025-11-10T15:00:48.505Z"
                },
                "actualDepartureDateTime": "2025-11-10T15:00:48.505Z",
                "actualArrivalDateTime": "2025-11-10T15:00:48.505Z",
                "loadId": "_loadId_",
                "carrierId": "_carrierId_",
                "transportServiceLevelCode": "AUTHORIZED_RETURN_SERVICE",
                "freightCost": 0.7475379386366502,
                "freightCostDetails": [
                    {
                        "chargeAmount": 0.5031712991266248,
                        "chargeCurrency": "AFN",
                        "chargeType": "_chargeType_"
                    }
                ],
                "fulfillmentCost": 0.7987071988798905,
                "currencyCode": "AFN",
                "transportEquipmentId": "_transportEquipmentId_",
                "transportEquipmentType": "_transportEquipmentType_",
                "totalLegDistance": 0.15368122427759068,
                "distanceUom": "MMT",
                "legStatus": "OPEN",
                "ignoreOriginRequirements": true,
                "ignoreDestinationRequirements": true,
                "isConsolidationNotAllowed": true,
                "fixedDropWindowBeginDateTime": "2025-11-10T15:00:48.505Z",
                "fixedDropWindowEndDateTime": "2025-11-10T15:00:48.505Z",
                "fixedPickWindowBeginDateTime": "2025-11-10T15:00:48.505Z",
                "fixedPickWindowEndDateTime": "2025-11-10T15:00:48.505Z",
                "requirements": "SPECIFIC_ONLY",
                "isDirect": true,
                "isPrepaid": true,
                "pickAppointment": {
                    "startDateTime": "2025-11-10T15:00:48.505Z",
                    "endDateTime": "2025-11-10T15:00:48.505Z",
                    "ignoreBusinessHours": true
                },
                "dropAppointment": {
                    "startDateTime": "2025-11-10T15:00:48.505Z",
                    "endDateTime": "2025-11-10T15:00:48.505Z",
                    "ignoreBusinessHours": true
                },
                "tmReferenceNumber": [
                    {
                        "referenceNumberName": "_referenceNumberName_",
                        "referenceNumberValue": "_referenceNumberValue_"
                    }
                ],
                "extensions": {},
                "unroutableReason": "_unroutableReason_",
                "legSequenceNumber": 4,
                "ownerOfDepartureLocation": "_ownerOfDepartureLocation_",
                "ownerOfArrivalLocation": "_ownerOfArrivalLocation_"
            }
        ],
        "shipmentEvent": [
            {
                "eventType": "_eventType_",
                "eventName": "_eventName_",
                "eventLocationId": "_eventLocationId_",
                "eventDateTime": "2025-11-10T15:00:48.505Z",
                "eventReportedDateTime": "2025-11-10T15:00:48.505Z",
                "shipmentLineId": "_shipmentLineId_",
                "eventSource": "_eventSource_",
                "eventDocumentId": "_eventDocumentId_",
                "eventNotes": "_eventNotes_",
                "extensions": {}
            }
        ]
    }
]