{
  "info": {
    "name": "Predictive Middleware POC",
    "schema": "https://schema.getpostman.com/json/collection/v2.1.0/collection.json"
  },
  "item": [
    {
      "name": "Health",
      "request": {
        "method": "GET",
        "url": {
          "raw": "{{baseUrl}}/health",
          "host": [
            "{{baseUrl}}"
          ],
          "path": [
            "health"
          ]
        }
      }
    },
    {
      "name": "Adapter: POST /items/ifd (dest=sap)",
      "request": {
        "method": "POST",
        "header": [
          {
            "key": "Content-Type",
            "value": "application/json"
          }
        ],
        "body": {
          "mode": "raw",
          "raw": "{\"dest\": \"sap\", \"xml\": \"<PART_INB_IFD><CTRL_SEG><PART_SEG><PRTNUM>94988599</PRTNUM><STKUOM>EA</STKUOM><RCVSTS>A</RCVSTS><PART_DESCRIPTION_SEG><SHORT_DSC>Sample</SHORT_DSC></PART_DESCRIPTION_SEG></PART_SEG></CTRL_SEG></PART_INB_IFD>\"}"
        },
        "url": {
          "raw": "{{baseUrl}}/items/ifd?dest=sap",
          "host": [
            "{{baseUrl}}"
          ],
          "path": [
            "items",
            "ifd"
          ],
          "query": [
            {
              "key": "dest",
              "value": "sap"
            }
          ]
        }
      }
    },
    {
      "name": "Mapping status",
      "request": {
        "method": "GET",
        "url": {
          "raw": "{{baseUrl}}/items/mapping/status",
          "host": [
            "{{baseUrl}}"
          ],
          "path": [
            "items",
            "mapping",
            "status"
          ]
        }
      }
    },
    {
      "name": "PM: scale sap->3",
      "request": {
        "method": "POST",
        "header": [
          {
            "key": "Content-Type",
            "value": "application/json"
          }
        ],
        "body": {
          "mode": "raw",
          "raw": "{\"dest\": \"sap\", \"count\": 3, \"prefetch\": 30}"
        },
        "url": {
          "raw": "{{baseUrl}}/pm/scale",
          "host": [
            "{{baseUrl}}"
          ],
          "path": [
            "pm",
            "scale"
          ]
        }
      }
    },
    {
      "name": "PM: stop sap",
      "request": {
        "method": "POST",
        "header": [
          {
            "key": "Content-Type",
            "value": "application/json"
          }
        ],
        "body": {
          "mode": "raw",
          "raw": "{\"dest\": \"sap\"}"
        },
        "url": {
          "raw": "{{baseUrl}}/pm/stop",
          "host": [
            "{{baseUrl}}"
          ],
          "path": [
            "pm",
            "stop"
          ]
        }
      }
    },
    {
      "name": "Workers list",
      "request": {
        "method": "GET",
        "url": {
          "raw": "{{baseUrl}}/monitor/api/workers",
          "host": [
            "{{baseUrl}}"
          ],
          "path": [
            "monitor",
            "api",
            "workers"
          ]
        }
      }
    },
    {
      "name": "KPI summary",
      "request": {
        "method": "GET",
        "url": {
          "raw": "{{baseUrl}}/monitor/api/kpi/summary",
          "host": [
            "{{baseUrl}}"
          ],
          "path": [
            "monitor",
            "api",
            "kpi",
            "summary"
          ]
        }
      }
    },
    {
      "name": "FakeWMS config GET",
      "request": {
        "method": "GET",
        "url": {
          "raw": "{{baseUrl}}/fake-wms/config",
          "host": [
            "{{baseUrl}}"
          ],
          "path": [
            "fake-wms",
            "config"
          ]
        }
      }
    },
    {
      "name": "FakeWMS config POST delay=500 fail=0.3",
      "request": {
        "method": "POST",
        "header": [
          {
            "key": "Content-Type",
            "value": "application/json"
          }
        ],
        "body": {
          "mode": "raw",
          "raw": "{\"delayMs\": 500, \"failRate\": 0.3}"
        },
        "url": {
          "raw": "{{baseUrl}}/fake-wms/config",
          "host": [
            "{{baseUrl}}"
          ],
          "path": [
            "fake-wms",
            "config"
          ]
        }
      }
    }
  ],
  "variable": [
    {
      "key": "baseUrl",
      "value": "http://localhost:8080"
    }
  ]
}